<?xml version="1.0"?>
<View xmlns:xsd="http://www.w3.org/2001/XMLSchema" xmlns:xsi="http://www.w3.org/2001/XMLSchema-instance">
  <Title>Last month</Title>
  <Sections>
    <Split>
      <Width>50</Width>
      <Left>
        <Section>
          <Id>1441875354236</Id>
          <Title>Top 20 alerts</Title>
          <Plugin>Sql</Plugin>
          <Settings>
            <NameValueSetting>
              <Name>connectionstring</Name>
              <Value>data source=Servername\Instance,Port;initial catalog=OperationsManagerDW;Integrated Security=SSPI</Value>
            </NameValueSetting>
            <NameValueSetting>
              <Name>querystring</Name>
              <Value>select top (20) a.AlertName, count(*) as Count, a.Severity, MonitorAlertInd as MonitorAlert from Alert.vAlert a join vManagedEntity vme on vme.ManagedEntityRowId=a.ManagedEntityRowID join vManagedEntity vme2 on vme2.ManagedEntityRowId=vme.TopLevelHostManagedEntityRowId where a.RaisedDateTime between CONVERT(DATETIME, CONVERT(VARCHAR, dateadd(month, -1 ,CURRENT_TIMESTAMP), 101)) and CONVERT(DATETIME, CONVERT(VARCHAR, Current_Timestamp, 101)) group by a.AlertName, MonitorAlertInd, a.Severity order by count(*) desc</Value>
            </NameValueSetting>
            <NameValueSetting>
              <Name>isscalar</Name>
              <Value>false</Value>
            </NameValueSetting>
          </Settings>
        </Section>
      </Left>
      <Right>
        <Section>
          <Id>1441884657478</Id>
          <Title># of alerts</Title>
          <Plugin>Sql</Plugin>
          <Settings>
            <NameValueSetting>
              <Name>connectionstring</Name>
              <Value>data source=Servername\Instance,Port;initial catalog=OperationsManagerDW;Integrated Security=SSPI</Value>
            </NameValueSetting>
            <NameValueSetting>
              <Name>querystring</Name>
              <Value>select case Severity when 0 then 'Information Only' when 1 then 'Warning' when 2 then 'Critical' end as 'Severity Level',Count from (select  alt.Severity,count(*) as Count from  OperationsManagerDW.Alert.vAlertDetail adt inner join OperationsManagerDW. Alert.vAlert alt on adt.alertguid = alt.alertguid WHERE adt.DWCreatedDateTime &gt;= CONVERT(DATETIME, CONVERT(VARCHAR, dateadd(month, -1 ,CURRENT_TIMESTAMP), 101)) and adt.DWCreatedDateTime &lt; CONVERT(DATETIME, CONVERT(VARCHAR, CURRENT_TIMESTAMP, 101)) group by alt.Severity) as a	order by Severity</Value>
            </NameValueSetting>
            <NameValueSetting>
              <Name>isscalar</Name>
              <Value>false</Value>
            </NameValueSetting>
          </Settings>
        </Section>
      </Right>
    </Split>
  </Sections>
</View>