<ManagementPack ContentReadable="true" xmlns:xsd="http://www.w3.org/2001/XMLSchema" xmlns:xsl="http://www.w3.org/1999/XSL/Transform">
  <Manifest>
    <Identity>
      <ID>Sample.Reports.Relative</ID>
      <Version>1.0.0.2</Version>
    </Identity>
    <Name>Sample Reports</Name>
    <References>
      <Reference Alias="SystemCenter">
        <ID>Microsoft.SystemCenter.Library</ID>
        <Version>6.1.7221.0</Version>
        <PublicKeyToken>31bf3856ad364e35</PublicKeyToken>
      </Reference>
      <Reference Alias="System">
        <ID>System.Library</ID>
        <Version>6.1.7221.0</Version>
        <PublicKeyToken>31bf3856ad364e35</PublicKeyToken>
      </Reference>
    </References>
  </Manifest>
  <Reporting>
    <Reports>
      <Report ID="Sample.Reports.Relative.AlertCountByMP" Accessibility="Internal" Visible="true">
        <ParameterBlock columns="1" xmlns="http://schemas.microsoft.com/mom/reporting/2007/ReportParameterSettings">
		    <Controls>
			  <Control columnSpan="1" type="Microsoft.SystemCenter.DataWarehouse.Report.ParameterControl.RelativeDateTimePicker">
				 <ReportParameters>
					<ReportParameter name="TimeZone" binding="TimeZone">
					   <Prompt>Microsoft.SystemCenter.DataWarehouse.Report.Library!Microsoft.SystemCenter.DataWarehouse.Report.ParameterPrompt.TimeZone</Prompt>
					</ReportParameter>
					<ReportParameter name="TimeZoneName" binding="TimeZoneName" />
					<ReportParameter name="StartDate_BaseType" binding="StartDate_BaseType" />
					<ReportParameter name="StartDate_BaseValue" binding="StartDate_BaseValue">
					   <Prompt>Microsoft.SystemCenter.DataWarehouse.Report.Library!Microsoft.SystemCenter.DataWarehouse.Report.ParameterPrompt.StartDateTime</Prompt>
					</ReportParameter>
					<ReportParameter name="StartDate_OffsetType" binding="StartDate_OffsetType" />
					<ReportParameter name="StartDate_OffsetValue" binding="StartDate_OffsetValue" />
					<ReportParameter name="EndDate_BaseType" binding="EndDate_BaseType" />
					<ReportParameter name="EndDate_BaseValue" binding="EndDate_BaseValue">
					   <Prompt>Microsoft.SystemCenter.DataWarehouse.Report.Library!Microsoft.SystemCenter.DataWarehouse.Report.ParameterPrompt.EndDateTime</Prompt>
					</ReportParameter>
					<ReportParameter name="EndDate_OffsetType" binding="EndDate_OffsetType" />
					<ReportParameter name="EndDate_OffsetValue" binding="EndDate_OffsetValue" />
				 </ReportParameters>
			  </Control>
			  <Control type="Microsoft.SystemCenter.DataWarehouse.Report.ParameterControl.ComboBox" columnSpan="1" rowSpan="1"> 
				<ReportParameters>
					<ReportParameter name="Group" binding="group" />
				</ReportParameters>
			  </Control>
			  <Control type="Microsoft.SystemCenter.DataWarehouse.Report.ParameterControl.CheckedListBox" columnSpan="1" rowSpan="1">
				<ReportParameters>
					<ReportParameter name="Computers" binding="computers" />
				</ReportParameters>
			  </Control>
		   </Controls>
		</ParameterBlock>
		<Definition>
          <Report xmlns="http://schemas.microsoft.com/sqlserver/reporting/2005/01/reportdefinition" xmlns:rd="http://schemas.microsoft.com/SQLServer/reporting/reportdesigner">
            <DataSources>
              <DataSource Name="DataWareHouseMain">
                <rd:DataSourceID>5d3dcd10-2e10-45c5-bb56-f0ea23de1141</rd:DataSourceID>
                <DataSourceReference>DataWareHouseMain</DataSourceReference>
              </DataSource>
            </DataSources>
            <InteractiveHeight>11in</InteractiveHeight>
            <ReportParameters>
              <ReportParameter Name="StartDate_BaseType">
				  <DataType>String</DataType>
				  <Prompt>[Start Date Base]</Prompt>
			  </ReportParameter>
			  <ReportParameter Name="StartDate_BaseValue">
				  <DataType>DateTime</DataType>
				  <Prompt>[From]</Prompt>
			  </ReportParameter>
			  <ReportParameter Name="StartDate_OffsetType">
				  <DataType>String</DataType>
				  <Prompt>[Start Date Offset Type]</Prompt>
			  </ReportParameter>
			  <ReportParameter Name="StartDate_OffsetValue">
				  <DataType>Integer</DataType>
				  <AllowBlank>true</AllowBlank>
				  <Prompt>[Start Date Offset]</Prompt>
			  </ReportParameter>
			  <ReportParameter Name="EndDate_BaseType">
				  <DataType>String</DataType>
				  <Prompt>[End Date Base]</Prompt>
			  </ReportParameter>
			  <ReportParameter Name="EndDate_BaseValue">
				  <DataType>DateTime</DataType>
				  <Prompt>[To]</Prompt>
			  </ReportParameter>
			  <ReportParameter Name="EndDate_OffsetType">
				  <DataType>String</DataType>
				  <Prompt>[End Date Offset Type]</Prompt>
			  </ReportParameter>
			  <ReportParameter Name="EndDate_OffsetValue">
				  <DataType>Integer</DataType>
				  <AllowBlank>true</AllowBlank>
				  <Prompt>[End Date Offset]</Prompt>
			  </ReportParameter>
			  <ReportParameter Name="TimeZone">
				  <DataType>String</DataType>
				  <Prompt>[Time Zone]</Prompt>
				</ReportParameter>
				<ReportParameter Name="TimeZoneName">
				  <DataType>String</DataType>
				  <Nullable>true</Nullable>
				  <DefaultValue>
					<Values>
					  <Value xmlns:xsi="http://www.w3.org/2001/XMLSchema-instance"/>
					</Values>
				  </DefaultValue>
				  <AllowBlank>true</AllowBlank>
				  <Prompt>[Time Zone Name]</Prompt>
			  </ReportParameter>
              <ReportParameter Name="group">
                <DataType>String</DataType>
                <Prompt>Group</Prompt>
                <ValidValues>
                  <DataSetReference>
                    <DataSetName>Groups</DataSetName>
                    <ValueField>ManagedEntityRowId</ValueField>
                    <LabelField>DisplayName</LabelField>
                  </DataSetReference>
                </ValidValues>
              </ReportParameter>
              <ReportParameter Name="computers">
                <DataType>String</DataType>
                <DefaultValue>
                  <DataSetReference>
                    <DataSetName>Computers</DataSetName>
                    <ValueField>ManagedEntityRowId</ValueField>
                  </DataSetReference>
                </DefaultValue>
                <Prompt>Computers</Prompt>
                <ValidValues>
                  <DataSetReference>
                    <DataSetName>Computers</DataSetName>
                    <ValueField>ManagedEntityRowId</ValueField>
                    <LabelField>displayname</LabelField>
                  </DataSetReference>
                </ValidValues>
                <MultiValue>true</MultiValue>
              </ReportParameter>
            </ReportParameters>
			<Code>
	Const TimeZoneParameterName As String = "TimeZone"
	Const SD_BaseTypeParameterName As String = "StartDate_BaseType"
	Const SD_BaseValueParameterName As String = "StartDate_BaseValue"
	Const SD_OffsetTypeParameterName As String = "StartDate_OffsetType"
	Const SD_OffsetValueParameterName As String = "StartDate_OffsetValue"
	Const ED_BaseTypeParameterName As String = "EndDate_BaseType"
	Const ED_BaseValueParameterName As String = "EndDate_BaseValue"
	Const ED_OffsetTypeParameterName As String = "EndDate_OffsetType"
	Const ED_OffsetValueParameterName As String = "EndDate_OffsetValue"
	Const IsRelativeTimeSupported As Boolean = False
	Const TimeTypeParameterName As String = "TimeType"
	Const TimeWeekMapParameterName As String = "TimeWeekMap"

	Dim ReportTimeZone As Microsoft.EnterpriseManagement.Reporting.TimeZoneCoreInformation
	Dim ReportStartDate As DateTime
	Dim ReportEndDate As DateTime
	Dim ReportTime As Microsoft.EnterpriseManagement.Reporting.ParameterProcessor.RelativeTime
	Dim ReportCulture As System.Globalization.CultureInfo
	Dim ParameterProcessor As Microsoft.EnterpriseManagement.Reporting.ParameterProcessor

	Protected Overrides Sub OnInit()
	  ReportTimeZone = Nothing
	  ReportStartDate = DateTime.MinValue
	  ReportEndDate = DateTime.MinValue
	  ReportTime = Nothing
	  ReportCulture = System.Globalization.CultureInfo.GetCultureInfo(Report.User("Language"))
	  ParameterProcessor = New Microsoft.EnterpriseManagement.Reporting.ParameterProcessor(ReportCulture)
	End Sub

	Public Function GetCallingManagementGroupId() As String
	   Return Microsoft.EnterpriseManagement.Reporting.ReportingConfiguration.ManagementGroupId
	End Function


	Public Function GetReportTimeZone() As Microsoft.EnterpriseManagement.Reporting.TimeZoneCoreInformation
	   If IsNothing(ReportTimeZone) Then ReportTimeZone = Microsoft.EnterpriseManagement.Reporting.TimeZoneCoreInformation.FromValueString(Report.Parameters(TimeZoneParameterName).Value)
	   Return ReportTimeZone
	End Function

	Public Function ToDbDate(ByVal DateValue As DateTime) As DateTime
	   return GetReportTimeZone.ToUniversalTime(DateValue)
	End Function

	Public Function ToReportDate(ByVal DateValue As DateTime) As DateTime
	   return GetReportTimeZone.ToLocalTime(DateValue)
	End Function

	Public Function GetReportStartDate() As DateTime
	  If (ReportStartDate = DateTime.MinValue) Then
		If (IsRelativeTimeSupported) Then
		  ReportStartDate = ParameterProcessor.GetDateTime(ToReportDate(DateTime.UtcNow), Report.Parameters(SD_BaseTypeParameterName).Value, Report.Parameters(SD_BaseValueParameterName).Value, Report.Parameters(SD_OffsetTypeParameterName).Value, Report.Parameters(SD_OffsetValueParameterName).Value, Report.Parameters(TimeTypeParameterName).Value)
		Else
		  ReportStartDate = ParameterProcessor.GetDateTime(ToReportDate(DateTime.UtcNow), Report.Parameters(SD_BaseTypeParameterName).Value, Report.Parameters(SD_BaseValueParameterName).Value, Report.Parameters(SD_OffsetTypeParameterName).Value, Report.Parameters(SD_OffsetValueParameterName).Value)
		End if
	  End If
	  return ReportStartDate
	End Function

	Public Function GetReportEndDate() As DateTime
	  If (ReportEndDate = DateTime.MinValue) Then
		If (IsRelativeTimeSupported) Then
		  ReportEndDate = ParameterProcessor.GetDateTime(ToReportDate(DateTime.UtcNow), Report.Parameters(ED_BaseTypeParameterName).Value, Report.Parameters(ED_BaseValueParameterName).Value, Report.Parameters(ED_OffsetTypeParameterName).Value, Report.Parameters(ED_OffsetValueParameterName).Value, Report.Parameters(TimeTypeParameterName).Value)
		  If IsBusinessHours(GetReportTimeFilter()) Then ReportEndDate = ReportCulture.Calendar.AddDays(ReportEndDate, 1)
		Else
		  ReportEndDate = ParameterProcessor.GetDateTime(ToReportDate(DateTime.UtcNow), Report.Parameters(ED_BaseTypeParameterName).Value, Report.Parameters(ED_BaseValueParameterName).Value, Report.Parameters(ED_OffsetTypeParameterName).Value, Report.Parameters(ED_OffsetValueParameterName).Value)
		End if
	  End If
	  return ReportEndDate
	End Function

	Public Function GetReportTimeFilter() As Microsoft.EnterpriseManagement.Reporting.ParameterProcessor.RelativeTime
	  If IsNothing(ReportTime) Then ReportTime = New Microsoft.EnterpriseManagement.Reporting.ParameterProcessor.RelativeTime(Report.Parameters(TimeTypeParameterName).Value, Report.Parameters(SD_BaseValueParameterName).Value, Report.Parameters(ED_BaseValueParameterName).Value, CStr(Join(Report.Parameters(TimeWeekMapParameterName).Value, ",")))
	  return ReportTime
	End Function

	Public Function IsBusinessHours(Value As Microsoft.EnterpriseManagement.Reporting.ParameterProcessor.RelativeTime) As Boolean
	  return (Not IsNothing(Value)) And (Value.TimeType = Microsoft.EnterpriseManagement.Reporting.ParameterProcessor.RelativeTimeType.Business)
	End Function

	Public Function FormatDateTime(Format As String, Value As DateTime) As String
	  return Value.ToString(Format, ReportCulture)
	End Function

	Public Function FormatNumber(Format As String, Value As Decimal) As String
	  return Value.ToString(Format, ReportCulture)
	End Function

	Public Function FormatString(Format As String, ParamArray Values() as  Object) As String
	  return String.Format(ReportCulture, Format, Values)
	End Function

	Public Function NullFormatString(Format As String, Value as  String) As String
	  return IIF(String.IsNullOrEmpty(Value), String.Empty, String.Format(ReportCulture, Format, Value))
	End Function

	Public Function FormatBusinessHours(Format As String, Value As Microsoft.EnterpriseManagement.Reporting.ParameterProcessor.RelativeTime) As String
	  Dim result As String

	  If IsBusinessHours(Value) Then
	 
		Dim firstDay As DayOfWeek
		Dim days As System.Collections.Generic.List(Of String)

		firstDay = ReportCulture.DateTimeFormat.FirstDayOfWeek
		days = new System.Collections.Generic.List(Of String)()

		For loopDay As DayOfWeek = DayOfWeek.Sunday To DayOfWeek.Saturday
		  Dim day As DayOfWeek
		  day = CType((CInt(loopDay) + CInt(firstDay)) Mod 7, DayOfWeek)

		  If value.WeekMap.Contains(day) Then days.Add(ReportCulture.DateTimeFormat.GetAbbreviatedDayName(day))
		Next loopDay

		 result = FormatString(Format, DateTime.Today.Add(Value.StartTime).ToString(ReportCulture.DateTimeFormat.ShortTimePattern), DateTime.Today.Add(Value.EndTime).ToString(ReportCulture.DateTimeFormat.ShortTimePattern), String.Join(",", days.ToArray()))

	  Else
		 result = String.Empty
	  End if
	  
	  return result
	End Function

	Public Function BuildXmlValueList(ByVal ValueList() As Object) As String
		Return Microsoft.EnterpriseManagement.Reporting.MultiValueParameter.ToXml("Data", "Value", ValueList)
	End Function
			</Code>
			<CodeModules>
				<CodeModule>Microsoft.EnterpriseManagement.Reporting.Code, Version=6.0.0.0, Culture=neutral</CodeModule>
			</CodeModules>
            <rd:DrawGrid>true</rd:DrawGrid>
            <InteractiveWidth>8.5in</InteractiveWidth>
            <rd:SnapToGrid>true</rd:SnapToGrid>
            <RightMargin>1in</RightMargin>
            <LeftMargin>1in</LeftMargin>
            <PageHeader>
              <PrintOnFirstPage>true</PrintOnFirstPage>
              <ReportItems>
                <Textbox Name="textbox9">
                  <rd:DefaultName>textbox9</rd:DefaultName>
                  <Top>2.53968cm</Top>
                  <Width>10.75cm</Width>
                  <Style>
                    <PaddingLeft>2pt</PaddingLeft>
                    <PaddingRight>2pt</PaddingRight>
                    <PaddingTop>2pt</PaddingTop>
                    <PaddingBottom>2pt</PaddingBottom>
                  </Style>
                  <ZIndex>5</ZIndex>
                  <CanGrow>true</CanGrow>
                  <Height>0.25in</Height>
                  <Value>Attention: Only Critical and Warning Sample are counted.</Value>
                </Textbox>
                <Textbox Name="textbox11">
                  <Width>10.15873cm</Width>
                  <Style>
                    <Color>DimGray</Color>
                    <FontSize>14pt</FontSize>
                    <FontWeight>700</FontWeight>
                    <PaddingLeft>2pt</PaddingLeft>
                    <PaddingRight>2pt</PaddingRight>
                    <PaddingTop>2pt</PaddingTop>
                    <PaddingBottom>2pt</PaddingBottom>
                  </Style>
                  <CanGrow>true</CanGrow>
                  <Height>0.63492cm</Height>
                  <Value>Alert Count by MP</Value>
                </Textbox>
              </ReportItems>
              <Height>1.52969in</Height>
              <PrintOnLastPage>true</PrintOnLastPage>
            </PageHeader>
            <BottomMargin>1in</BottomMargin>
            <rd:ReportID>3917ac46-c233-4ddc-829b-56dd5796a2a8</rd:ReportID>
            <DataSets>
              <DataSet Name="AlertData">
                <Fields>
                  <Field Name="AlertName">
                    <DataField>AlertName</DataField>
                    <rd:TypeName>System.String</rd:TypeName>
                  </Field>
                  <Field Name="TotalSample">
                    <DataField>TotalSample</DataField>
                    <rd:TypeName>System.Int32</rd:TypeName>
                  </Field>
                  <Field Name="ManagementPackDefaultName">
                    <DataField>ManagementPackDefaultName</DataField>
                    <rd:TypeName>System.String</rd:TypeName>
                  </Field>
                </Fields>
                <Query>
                  <DataSourceName>DataWareHouseMain</DataSourceName>
                  <CommandText>SELECT     a.AlertName, COUNT(*) AS TotalSample, ManagementPack.ManagementPackDefaultName
FROM         ManagedEntityType INNER JOIN
                      ManagementPack ON ManagedEntityType.ManagementPackRowId = ManagementPack.ManagementPackRowId INNER JOIN
                      Alert.vAlert AS a INNER JOIN
                      vManagedEntity AS vme ON vme.ManagedEntityRowId = a.ManagedEntityRowId INNER JOIN
                      vManagedEntity AS vme2 ON vme2.ManagedEntityRowId = vme.TopLevelHostManagedEntityRowId ON 
                      ManagedEntityType.ManagedEntityTypeRowId = vme.ManagedEntityTypeRowId
where vme2.ManagedEntityRowId in (@computers)
and RaisedDateTime between CONVERT(DATETIME, CONVERT(VARCHAR, @StartDate, 101)) and CONVERT(DATETIME, CONVERT(VARCHAR, @EndDate, 101))
and AlertName like ('%')
and Severity &gt;=1

Group by AlertName,  ManagementPack.ManagementPackDefaultName</CommandText>
                  <QueryParameters>
                    <QueryParameter Name="@StartDate">
						<Value>=Code.ToDbDate(Code.GetReportStartDate())</Value>
					</QueryParameter>
					<QueryParameter Name="@EndDate">
						<Value>=Code.ToDbDate(Code.GetReportEndDate())</Value>
					</QueryParameter>
					<QueryParameter Name="@computers">
						<Value>=Parameters!computers.Value</Value>
                    </QueryParameter>
                  </QueryParameters>
                  <rd:UseGenericDesigner>true</rd:UseGenericDesigner>
                </Query>
              </DataSet>
              <DataSet Name="Groups">
                <Fields>
                  <Field Name="DisplayName">
                    <DataField>DisplayName</DataField>
                    <rd:TypeName>System.String</rd:TypeName>
                  </Field>
                  <Field Name="ManagedEntityRowId">
                    <DataField>ManagedEntityRowId</DataField>
                    <rd:TypeName>System.Int32</rd:TypeName>
                  </Field>
                </Fields>
                <Query>
                  <DataSourceName>DataWareHouseMain</DataSourceName>
                  <CommandText>--Get list of groups
select distinct DisplayName,ManagedEntityRowId from vManagedEntity
inner join vRelationship on vManagedEntity.ManagedEntityRowId=vRelationship.SourceManagedEntityRowId
inner join vRelationshipType on vRelationship.RelationshipTypeRowId=vRelationshipType.RelationshipTypeRowId
inner join vRelationshipManagementGroup on vRelationshipManagementGroup.RelationshipRowId=vRelationship.RelationshipRowId
where (vRelationshipType.RelationshipTypeSystemName='Microsoft.SystemCenter.ComputerGroupContainsComputer'
or vRelationshipType.RelationshipTypeSystemName like '%InstanceGroup%')
and vRelationshipManagementGroup.ToDateTime is null
order by DisplayName asc</CommandText>
                  <rd:UseGenericDesigner>true</rd:UseGenericDesigner>
                </Query>
              </DataSet>
              <DataSet Name="Computers">
                <Fields>
                  <Field Name="ManagedEntityRowId">
                    <DataField>ManagedEntityRowId</DataField>
                    <rd:TypeName>System.Int32</rd:TypeName>
                  </Field>
                  <Field Name="displayname">
                    <DataField>displayname</DataField>
                    <rd:TypeName>System.String</rd:TypeName>
                  </Field>
                </Fields>
                <Query>
                  <DataSourceName>DataWareHouseMain</DataSourceName>
                  <CommandText>--Get list of objects in a group (pass ManagedEntityRowId for the group as a parameter)
select distinct vme2.ManagedEntityRowId,vme2.displayname from vrelationship r
inner join vManagedEntity vme on vme.ManagedEntityRowId=r.TargetManagedEntityRowId
inner join vManagedEntity vme2 on vme.TopLevelHostManagedEntityRowId=vme2.ManagedEntityRowId
inner join vRelationshipManagementGroup rmg on rmg.RelationshipRowId=r.RelationshipRowId
where SourceManagedEntityRowId=@group
and rmg.ToDateTime is null
order by vme2.DisplayName</CommandText>
                  <QueryParameters>
                    <QueryParameter Name="@group">
                      <Value>=Parameters!group.Value</Value>
                    </QueryParameter>
                  </QueryParameters>
                  <rd:UseGenericDesigner>true</rd:UseGenericDesigner>
                </Query>
              </DataSet>
            </DataSets>
            <Width>9.5in</Width>
            <Body>
              <ReportItems>
                <Table Name="table1">
                  <DataSetName>AlertData</DataSetName>
                  <TableGroups>
                    <TableGroup>
                      <Grouping Name="Sample">
                        <GroupExpressions>
                          <GroupExpression>=Fields!ManagementPackDefaultName.Value</GroupExpression>
                        </GroupExpressions>
                      </Grouping>
                      <Header>
                        <TableRows>
                          <TableRow>
                            <TableCells>
                              <TableCell>
                                <ReportItems>
                                  <Textbox Name="textbox3">
                                    <rd:DefaultName>textbox3</rd:DefaultName>
                                    <Style>
                                      <BackgroundColor>LightGrey</BackgroundColor>
                                      <FontStyle>Italic</FontStyle>
                                      <FontWeight>700</FontWeight>
                                      <PaddingLeft>2pt</PaddingLeft>
                                      <PaddingRight>2pt</PaddingRight>
                                      <PaddingTop>2pt</PaddingTop>
                                      <PaddingBottom>2pt</PaddingBottom>
                                    </Style>
                                    <ZIndex>8</ZIndex>
                                    <CanGrow>true</CanGrow>
                                    <Value>=Fields!ManagementPackDefaultName.Value</Value>
                                  </Textbox>
                                </ReportItems>
                              </TableCell>
                              <TableCell>
                                <ReportItems>
                                  <Textbox Name="textbox12">
                                    <rd:DefaultName>textbox12</rd:DefaultName>
                                    <Style>
                                      <BackgroundColor>LightGrey</BackgroundColor>
                                      <PaddingLeft>2pt</PaddingLeft>
                                      <PaddingRight>2pt</PaddingRight>
                                      <PaddingTop>2pt</PaddingTop>
                                      <PaddingBottom>2pt</PaddingBottom>
                                    </Style>
                                    <ZIndex>7</ZIndex>
                                    <CanGrow>true</CanGrow>
                                    <Value />
                                  </Textbox>
                                </ReportItems>
                              </TableCell>
                              <TableCell>
                                <ReportItems>
                                  <Textbox Name="textbox20">
                                    <rd:DefaultName>textbox20</rd:DefaultName>
                                    <Style>
                                      <BackgroundColor>LightGrey</BackgroundColor>
                                      <FontStyle>Italic</FontStyle>
                                      <FontWeight>700</FontWeight>
                                      <PaddingLeft>2pt</PaddingLeft>
                                      <PaddingRight>2pt</PaddingRight>
                                      <PaddingTop>2pt</PaddingTop>
                                      <PaddingBottom>2pt</PaddingBottom>
                                    </Style>
                                    <ZIndex>6</ZIndex>
                                    <CanGrow>true</CanGrow>
                                    <Value>=Sum(Fields!TotalSample.Value)</Value>
                                  </Textbox>
                                </ReportItems>
                              </TableCell>
                            </TableCells>
                            <Height>0.25in</Height>
                          </TableRow>
                        </TableRows>
                      </Header>
                    </TableGroup>
                  </TableGroups>
                  <Details>
                    <TableRows>
                      <TableRow>
                        <TableCells>
                          <TableCell>
                            <ReportItems>
                              <Textbox Name="textbox22">
                                <rd:DefaultName>textbox22</rd:DefaultName>
                                <Style>
                                  <BorderColor>
                                    <Default>LightGrey</Default>
                                  </BorderColor>
                                  <BorderStyle>
                                    <Default>Solid</Default>
                                  </BorderStyle>
                                  <PaddingLeft>2pt</PaddingLeft>
                                  <PaddingRight>2pt</PaddingRight>
                                  <PaddingTop>2pt</PaddingTop>
                                  <PaddingBottom>2pt</PaddingBottom>
                                </Style>
                                <ZIndex>2</ZIndex>
                                <CanGrow>true</CanGrow>
                                <Value />
                              </Textbox>
                            </ReportItems>
                          </TableCell>
                          <TableCell>
                            <ReportItems>
                              <Textbox Name="textbox1">
                                <rd:DefaultName>textbox1</rd:DefaultName>
                                <Style>
                                  <BorderColor>
                                    <Default>LightGrey</Default>
                                  </BorderColor>
                                  <BorderStyle>
                                    <Default>Solid</Default>
                                  </BorderStyle>
                                  <PaddingLeft>2pt</PaddingLeft>
                                  <PaddingRight>2pt</PaddingRight>
                                  <PaddingTop>2pt</PaddingTop>
                                  <PaddingBottom>2pt</PaddingBottom>
                                </Style>
                                <ZIndex>1</ZIndex>
                                <CanGrow>true</CanGrow>
                                <Value>=Fields!AlertName.Value</Value>
                              </Textbox>
                            </ReportItems>
                          </TableCell>
                          <TableCell>
                            <ReportItems>
                              <Textbox Name="textbox5">
                                <rd:DefaultName>textbox5</rd:DefaultName>
                                <Style>
                                  <BorderColor>
                                    <Default>LightGrey</Default>
                                  </BorderColor>
                                  <BorderStyle>
                                    <Default>Solid</Default>
                                  </BorderStyle>
                                  <PaddingLeft>2pt</PaddingLeft>
                                  <PaddingRight>2pt</PaddingRight>
                                  <PaddingTop>2pt</PaddingTop>
                                  <PaddingBottom>2pt</PaddingBottom>
                                </Style>
                                <CanGrow>true</CanGrow>
                                <Value>=Fields!TotalSample.Value</Value>
                              </Textbox>
                            </ReportItems>
                          </TableCell>
                        </TableCells>
                        <Height>0.21in</Height>
                      </TableRow>
                    </TableRows>
                  </Details>
                  <Header>
                    <TableRows>
                      <TableRow>
                        <TableCells>
                          <TableCell>
                            <ReportItems>
                              <Textbox Name="textbox2">
                                <rd:DefaultName>textbox2</rd:DefaultName>
                                <Style>
                                  <Color>White</Color>
                                  <BackgroundColor>DimGray</BackgroundColor>
                                  <BorderColor>
                                    <Default>LightGrey</Default>
                                  </BorderColor>
                                  <BorderStyle>
                                    <Default>Solid</Default>
                                  </BorderStyle>
                                  <FontWeight>700</FontWeight>
                                  <PaddingLeft>2pt</PaddingLeft>
                                  <PaddingRight>2pt</PaddingRight>
                                  <PaddingTop>2pt</PaddingTop>
                                  <PaddingBottom>2pt</PaddingBottom>
                                </Style>
                                <ZIndex>11</ZIndex>
                                <CanGrow>true</CanGrow>
                                <Value>Management Pack</Value>
                              </Textbox>
                            </ReportItems>
                          </TableCell>
                          <TableCell>
                            <ReportItems>
                              <Textbox Name="textbox8">
                                <rd:DefaultName>textbox8</rd:DefaultName>
                                <Style>
                                  <Color>White</Color>
                                  <BackgroundColor>DimGray</BackgroundColor>
                                  <BorderColor>
                                    <Default>LightGrey</Default>
                                  </BorderColor>
                                  <BorderStyle>
                                    <Default>Solid</Default>
                                  </BorderStyle>
                                  <FontWeight>700</FontWeight>
                                  <PaddingLeft>2pt</PaddingLeft>
                                  <PaddingRight>2pt</PaddingRight>
                                  <PaddingTop>2pt</PaddingTop>
                                  <PaddingBottom>2pt</PaddingBottom>
                                </Style>
                                <ZIndex>10</ZIndex>
                                <CanGrow>true</CanGrow>
                                <Value>Alertname</Value>
                              </Textbox>
                            </ReportItems>
                          </TableCell>
                          <TableCell>
                            <ReportItems>
                              <Textbox Name="textbox19">
                                <rd:DefaultName>textbox19</rd:DefaultName>
                                <Style>
                                  <Color>White</Color>
                                  <BackgroundColor>DimGray</BackgroundColor>
                                  <BorderColor>
                                    <Default>LightGrey</Default>
                                  </BorderColor>
                                  <BorderStyle>
                                    <Default>Solid</Default>
                                  </BorderStyle>
                                  <FontWeight>700</FontWeight>
                                  <PaddingLeft>2pt</PaddingLeft>
                                  <PaddingRight>2pt</PaddingRight>
                                  <PaddingTop>2pt</PaddingTop>
                                  <PaddingBottom>2pt</PaddingBottom>
                                </Style>
                                <ZIndex>9</ZIndex>
                                <CanGrow>true</CanGrow>
                                <Value>Totals</Value>
                              </Textbox>
                            </ReportItems>
                          </TableCell>
                        </TableCells>
                        <Height>0.22in</Height>
                      </TableRow>
                    </TableRows>
                    <RepeatOnNewPage>true</RepeatOnNewPage>
                  </Header>
                  <TableColumns>
                    <TableColumn>
                      <Width>3.125in</Width>
                    </TableColumn>
                    <TableColumn>
                      <Width>5.375in</Width>
                    </TableColumn>
                    <TableColumn>
                      <Width>1in</Width>
                    </TableColumn>
                  </TableColumns>
                  <Height>0.93in</Height>
                  <Footer>
                    <TableRows>
                      <TableRow>
                        <TableCells>
                          <TableCell>
                            <ReportItems>
                              <Textbox Name="textbox13">
                                <rd:DefaultName>textbox13</rd:DefaultName>
                                <Style>
                                  <Color>DimGray</Color>
                                  <FontWeight>700</FontWeight>
                                  <PaddingLeft>2pt</PaddingLeft>
                                  <PaddingRight>2pt</PaddingRight>
                                  <PaddingTop>2pt</PaddingTop>
                                  <PaddingBottom>2pt</PaddingBottom>
                                </Style>
                                <ZIndex>5</ZIndex>
                                <CanGrow>true</CanGrow>
                                <Value>Sum</Value>
                              </Textbox>
                            </ReportItems>
                          </TableCell>
                          <TableCell>
                            <ReportItems>
                              <Textbox Name="textbox14">
                                <rd:DefaultName>textbox14</rd:DefaultName>
                                <Style>
                                  <Color>DimGray</Color>
                                  <FontWeight>700</FontWeight>
                                  <PaddingLeft>2pt</PaddingLeft>
                                  <PaddingRight>2pt</PaddingRight>
                                  <PaddingTop>2pt</PaddingTop>
                                  <PaddingBottom>2pt</PaddingBottom>
                                </Style>
                                <ZIndex>4</ZIndex>
                                <CanGrow>true</CanGrow>
                                <Value />
                              </Textbox>
                            </ReportItems>
                          </TableCell>
                          <TableCell>
                            <ReportItems>
                              <Textbox Name="textbox15">
                                <rd:DefaultName>textbox15</rd:DefaultName>
                                <Style>
                                  <Color>DimGray</Color>
                                  <FontWeight>700</FontWeight>
                                  <PaddingLeft>2pt</PaddingLeft>
                                  <PaddingRight>2pt</PaddingRight>
                                  <PaddingTop>2pt</PaddingTop>
                                  <PaddingBottom>2pt</PaddingBottom>
                                </Style>
                                <ZIndex>3</ZIndex>
                                <CanGrow>true</CanGrow>
                                <Value>=Sum(Fields!TotalSample.Value)</Value>
                              </Textbox>
                            </ReportItems>
                          </TableCell>
                        </TableCells>
                        <Height>0.25in</Height>
                      </TableRow>
                    </TableRows>
                  </Footer>
                </Table>
              </ReportItems>
              <Height>1.43in</Height>
            </Body>
            <Language>en-US</Language>
            <TopMargin>1in</TopMargin>
          </Report>
        </Definition>
      </Report>
    </Reports>
  </Reporting>
  <LanguagePacks>
    <LanguagePack ID="ENU" IsDefault="false">
      <DisplayStrings>
        <DisplayString ElementID="Sample.Reports.Relative">
          <Name>Sample Reports</Name>
        </DisplayString>
        <DisplayString ElementID="Sample.Reports.Relative.AlertCountByMP">
          <Name>Sample - Alert Count By MP</Name>
          <Description>Counts the Sample by management pack</Description>
        </DisplayString>
      </DisplayStrings>
      <KnowledgeArticles>
        <KnowledgeArticle ElementID="Sample.Reports.Relative" Visible="true">
          <MamlContent>
            <maml:section xmlns:maml="http://schemas.microsoft.com/maml/2004/10">
              <maml:title>Summary</maml:title>
              <maml:para>This MP provides Sample custom reports.</maml:para>
            </maml:section>
          </MamlContent>
        </KnowledgeArticle>
      </KnowledgeArticles>
    </LanguagePack>
  </LanguagePacks>
</ManagementPack>