<ManagementPack ContentReadable="true" xmlns:xsd="http://www.w3.org/2001/XMLSchema" xmlns:xsl="http://www.w3.org/1999/XSL/Transform">
  <Manifest>
    <Identity>
      <ID>Sample.Reports</ID>
      <Version>1.0.0.1</Version>
    </Identity>
    <Name>Sample Reports</Name>
    <References>
      <Reference Alias="SystemCenter">
        <ID>Microsoft.SystemCenter.Library</ID>
        <Version>6.1.7221.0</Version>
        <PublicKeyToken>31bf3856ad364e35</PublicKeyToken>
      </Reference>
      <Reference Alias="System">
        <ID>System.Library</ID>
        <Version>6.1.7221.0</Version>
        <PublicKeyToken>31bf3856ad364e35</PublicKeyToken>
      </Reference>
    </References>
  </Manifest>
  <Reporting>
    <Reports>
      <Report ID="Sample.Reports.AlertCountByMP" Accessibility="Internal" Visible="true">
        <Definition>
          <Report xmlns="http://schemas.microsoft.com/sqlserver/reporting/2005/01/reportdefinition" xmlns:rd="http://schemas.microsoft.com/SQLServer/reporting/reportdesigner">
            <DataSources>
              <DataSource Name="DataWareHouseMain">
                <rd:DataSourceID>5d3dcd10-2e10-45c5-bb56-f0ea23de1141</rd:DataSourceID>
                <DataSourceReference>DataWareHouseMain</DataSourceReference>
              </DataSource>
            </DataSources>
            <InteractiveHeight>11in</InteractiveHeight>
            <ReportParameters>
              <ReportParameter Name="startdate">
                <DataType>DateTime</DataType>
                <DefaultValue>
                  <Values>
                    <Value>=Today.AddDays(-30)</Value>
                  </Values>
                </DefaultValue>
                <Prompt>Start Date</Prompt>
              </ReportParameter>
              <ReportParameter Name="enddate">
                <DataType>DateTime</DataType>
                <DefaultValue>
                  <Values>
                    <Value>=Today</Value>
                  </Values>
                </DefaultValue>
                <Prompt>End Date</Prompt>
              </ReportParameter>
              <ReportParameter Name="group">
                <DataType>String</DataType>
                <Prompt>Group</Prompt>
                <ValidValues>
                  <DataSetReference>
                    <DataSetName>Groups</DataSetName>
                    <ValueField>ManagedEntityRowId</ValueField>
                    <LabelField>DisplayName</LabelField>
                  </DataSetReference>
                </ValidValues>
              </ReportParameter>
              <ReportParameter Name="computers">
                <DataType>String</DataType>
                <DefaultValue>
                  <DataSetReference>
                    <DataSetName>Computers</DataSetName>
                    <ValueField>ManagedEntityRowId</ValueField>
                  </DataSetReference>
                </DefaultValue>
                <Prompt>Computers</Prompt>
                <ValidValues>
                  <DataSetReference>
                    <DataSetName>Computers</DataSetName>
                    <ValueField>ManagedEntityRowId</ValueField>
                    <LabelField>displayname</LabelField>
                  </DataSetReference>
                </ValidValues>
                <MultiValue>true</MultiValue>
              </ReportParameter>
            </ReportParameters>
            <rd:DrawGrid>true</rd:DrawGrid>
            <InteractiveWidth>8.5in</InteractiveWidth>
            <rd:SnapToGrid>true</rd:SnapToGrid>
            <RightMargin>1in</RightMargin>
            <LeftMargin>1in</LeftMargin>
            <PageHeader>
              <PrintOnFirstPage>true</PrintOnFirstPage>
              <ReportItems>
                <Textbox Name="textbox9">
                  <rd:DefaultName>textbox9</rd:DefaultName>
                  <Top>2.53968cm</Top>
                  <Width>10.75cm</Width>
                  <Style>
                    <PaddingLeft>2pt</PaddingLeft>
                    <PaddingRight>2pt</PaddingRight>
                    <PaddingTop>2pt</PaddingTop>
                    <PaddingBottom>2pt</PaddingBottom>
                  </Style>
                  <ZIndex>5</ZIndex>
                  <CanGrow>true</CanGrow>
                  <Height>0.25in</Height>
                  <Value>Attention: Only Critical and Warning Alerts are counted.</Value>
                </Textbox>
                <Textbox Name="textbox4">
                  <Top>1.5cm</Top>
                  <Width>5.5cm</Width>
                  <Style>
                    <PaddingLeft>2pt</PaddingLeft>
                    <PaddingRight>2pt</PaddingRight>
                    <PaddingTop>2pt</PaddingTop>
                    <PaddingBottom>2pt</PaddingBottom>
                  </Style>
                  <ZIndex>4</ZIndex>
                  <CanGrow>true</CanGrow>
                  <Left>2.25cm</Left>
                  <Height>0.63492cm</Height>
                  <Value>=Parameters!enddate.Value</Value>
                </Textbox>
                <Textbox Name="textbox7">
                  <Top>1.5cm</Top>
                  <Width>2.25cm</Width>
                  <Style>
                    <PaddingLeft>2pt</PaddingLeft>
                    <PaddingRight>2pt</PaddingRight>
                    <PaddingTop>2pt</PaddingTop>
                    <PaddingBottom>2pt</PaddingBottom>
                  </Style>
                  <ZIndex>3</ZIndex>
                  <CanGrow>true</CanGrow>
                  <Height>0.63492cm</Height>
                  <Value>End Date:</Value>
                </Textbox>
                <Textbox Name="textbox6">
                  <rd:DefaultName>textbox6</rd:DefaultName>
                  <Top>0.75cm</Top>
                  <Width>5.5cm</Width>
                  <Style>
                    <PaddingLeft>2pt</PaddingLeft>
                    <PaddingRight>2pt</PaddingRight>
                    <PaddingTop>2pt</PaddingTop>
                    <PaddingBottom>2pt</PaddingBottom>
                  </Style>
                  <ZIndex>2</ZIndex>
                  <CanGrow>true</CanGrow>
                  <Left>2.25cm</Left>
                  <Height>0.63492cm</Height>
                  <Value>=Parameters!startdate.Value</Value>
                </Textbox>
                <Textbox Name="textbox10">
                  <Top>0.75cm</Top>
                  <Width>2.25cm</Width>
                  <Style>
                    <PaddingLeft>2pt</PaddingLeft>
                    <PaddingRight>2pt</PaddingRight>
                    <PaddingTop>2pt</PaddingTop>
                    <PaddingBottom>2pt</PaddingBottom>
                  </Style>
                  <ZIndex>1</ZIndex>
                  <CanGrow>true</CanGrow>
                  <Height>0.63492cm</Height>
                  <Value>Start Date:</Value>
                </Textbox>
                <Textbox Name="textbox11">
                  <Width>10.15873cm</Width>
                  <Style>
                    <Color>DimGray</Color>
                    <FontSize>14pt</FontSize>
                    <FontWeight>700</FontWeight>
                    <PaddingLeft>2pt</PaddingLeft>
                    <PaddingRight>2pt</PaddingRight>
                    <PaddingTop>2pt</PaddingTop>
                    <PaddingBottom>2pt</PaddingBottom>
                  </Style>
                  <CanGrow>true</CanGrow>
                  <Height>0.63492cm</Height>
                  <Value>Alert Count by MP</Value>
                </Textbox>
              </ReportItems>
              <Height>1.52969in</Height>
              <PrintOnLastPage>true</PrintOnLastPage>
            </PageHeader>
            <BottomMargin>1in</BottomMargin>
            <rd:ReportID>3917ac46-c233-4ddc-829b-56dd5796a2a8</rd:ReportID>
            <DataSets>
              <DataSet Name="AlertData">
                <Fields>
                  <Field Name="AlertName">
                    <DataField>AlertName</DataField>
                    <rd:TypeName>System.String</rd:TypeName>
                  </Field>
                  <Field Name="TotalAlerts">
                    <DataField>TotalAlerts</DataField>
                    <rd:TypeName>System.Int32</rd:TypeName>
                  </Field>
                  <Field Name="ManagementPackDefaultName">
                    <DataField>ManagementPackDefaultName</DataField>
                    <rd:TypeName>System.String</rd:TypeName>
                  </Field>
                </Fields>
                <Query>
                  <DataSourceName>DataWareHouseMain</DataSourceName>
                  <CommandText>SELECT     a.AlertName, COUNT(*) AS TotalAlerts, ManagementPack.ManagementPackDefaultName
FROM         ManagedEntityType INNER JOIN
                      ManagementPack ON ManagedEntityType.ManagementPackRowId = ManagementPack.ManagementPackRowId INNER JOIN
                      Alert.vAlert AS a INNER JOIN
                      vManagedEntity AS vme ON vme.ManagedEntityRowId = a.ManagedEntityRowId INNER JOIN
                      vManagedEntity AS vme2 ON vme2.ManagedEntityRowId = vme.TopLevelHostManagedEntityRowId ON 
                      ManagedEntityType.ManagedEntityTypeRowId = vme.ManagedEntityTypeRowId
where vme2.ManagedEntityRowId in (@computers)
and RaisedDateTime between @startdate and @enddate
and AlertName like ('%')
and Severity &gt;=1

Group by AlertName,  ManagementPack.ManagementPackDefaultName</CommandText>
                  <QueryParameters>
                    <QueryParameter Name="@computers">
                      <Value>=Parameters!computers.Value</Value>
                    </QueryParameter>
                    <QueryParameter Name="@startdate">
                      <Value>=Parameters!startdate.Value</Value>
                    </QueryParameter>
                    <QueryParameter Name="@enddate">
                      <Value>=Parameters!enddate.Value</Value>
                    </QueryParameter>
                  </QueryParameters>
                  <rd:UseGenericDesigner>true</rd:UseGenericDesigner>
                </Query>
              </DataSet>
              <DataSet Name="Groups">
                <Fields>
                  <Field Name="DisplayName">
                    <DataField>DisplayName</DataField>
                    <rd:TypeName>System.String</rd:TypeName>
                  </Field>
                  <Field Name="ManagedEntityRowId">
                    <DataField>ManagedEntityRowId</DataField>
                    <rd:TypeName>System.Int32</rd:TypeName>
                  </Field>
                </Fields>
                <Query>
                  <DataSourceName>DataWareHouseMain</DataSourceName>
                  <CommandText>--Get list of groups
select distinct DisplayName,ManagedEntityRowId from vManagedEntity
inner join vRelationship on vManagedEntity.ManagedEntityRowId=vRelationship.SourceManagedEntityRowId
inner join vRelationshipType on vRelationship.RelationshipTypeRowId=vRelationshipType.RelationshipTypeRowId
inner join vRelationshipManagementGroup on vRelationshipManagementGroup.RelationshipRowId=vRelationship.RelationshipRowId
where (vRelationshipType.RelationshipTypeSystemName='Microsoft.SystemCenter.ComputerGroupContainsComputer'
or vRelationshipType.RelationshipTypeSystemName like '%InstanceGroup%')
and vRelationshipManagementGroup.ToDateTime is null
order by DisplayName asc</CommandText>
                  <rd:UseGenericDesigner>true</rd:UseGenericDesigner>
                </Query>
              </DataSet>
              <DataSet Name="Computers">
                <Fields>
                  <Field Name="ManagedEntityRowId">
                    <DataField>ManagedEntityRowId</DataField>
                    <rd:TypeName>System.Int32</rd:TypeName>
                  </Field>
                  <Field Name="displayname">
                    <DataField>displayname</DataField>
                    <rd:TypeName>System.String</rd:TypeName>
                  </Field>
                </Fields>
                <Query>
                  <DataSourceName>DataWareHouseMain</DataSourceName>
                  <CommandText>--Get list of objects in a group (pass ManagedEntityRowId for the group as a parameter)
select distinct vme2.ManagedEntityRowId,vme2.displayname from vrelationship r
inner join vManagedEntity vme on vme.ManagedEntityRowId=r.TargetManagedEntityRowId
inner join vManagedEntity vme2 on vme.TopLevelHostManagedEntityRowId=vme2.ManagedEntityRowId
inner join vRelationshipManagementGroup rmg on rmg.RelationshipRowId=r.RelationshipRowId
where SourceManagedEntityRowId=@group
and rmg.ToDateTime is null
order by vme2.DisplayName</CommandText>
                  <QueryParameters>
                    <QueryParameter Name="@group">
                      <Value>=Parameters!group.Value</Value>
                    </QueryParameter>
                  </QueryParameters>
                  <rd:UseGenericDesigner>true</rd:UseGenericDesigner>
                </Query>
              </DataSet>
            </DataSets>
            <Width>9.5in</Width>
            <Body>
              <ReportItems>
                <Table Name="table1">
                  <DataSetName>AlertData</DataSetName>
                  <TableGroups>
                    <TableGroup>
                      <Grouping Name="Alerts">
                        <GroupExpressions>
                          <GroupExpression>=Fields!ManagementPackDefaultName.Value</GroupExpression>
                        </GroupExpressions>
                      </Grouping>
                      <Header>
                        <TableRows>
                          <TableRow>
                            <TableCells>
                              <TableCell>
                                <ReportItems>
                                  <Textbox Name="textbox3">
                                    <rd:DefaultName>textbox3</rd:DefaultName>
                                    <Style>
                                      <BackgroundColor>LightGrey</BackgroundColor>
                                      <FontStyle>Italic</FontStyle>
                                      <FontWeight>700</FontWeight>
                                      <PaddingLeft>2pt</PaddingLeft>
                                      <PaddingRight>2pt</PaddingRight>
                                      <PaddingTop>2pt</PaddingTop>
                                      <PaddingBottom>2pt</PaddingBottom>
                                    </Style>
                                    <ZIndex>8</ZIndex>
                                    <CanGrow>true</CanGrow>
                                    <Value>=Fields!ManagementPackDefaultName.Value</Value>
                                  </Textbox>
                                </ReportItems>
                              </TableCell>
                              <TableCell>
                                <ReportItems>
                                  <Textbox Name="textbox12">
                                    <rd:DefaultName>textbox12</rd:DefaultName>
                                    <Style>
                                      <BackgroundColor>LightGrey</BackgroundColor>
                                      <PaddingLeft>2pt</PaddingLeft>
                                      <PaddingRight>2pt</PaddingRight>
                                      <PaddingTop>2pt</PaddingTop>
                                      <PaddingBottom>2pt</PaddingBottom>
                                    </Style>
                                    <ZIndex>7</ZIndex>
                                    <CanGrow>true</CanGrow>
                                    <Value />
                                  </Textbox>
                                </ReportItems>
                              </TableCell>
                              <TableCell>
                                <ReportItems>
                                  <Textbox Name="textbox20">
                                    <rd:DefaultName>textbox20</rd:DefaultName>
                                    <Style>
                                      <BackgroundColor>LightGrey</BackgroundColor>
                                      <FontStyle>Italic</FontStyle>
                                      <FontWeight>700</FontWeight>
                                      <PaddingLeft>2pt</PaddingLeft>
                                      <PaddingRight>2pt</PaddingRight>
                                      <PaddingTop>2pt</PaddingTop>
                                      <PaddingBottom>2pt</PaddingBottom>
                                    </Style>
                                    <ZIndex>6</ZIndex>
                                    <CanGrow>true</CanGrow>
                                    <Value>=Sum(Fields!TotalAlerts.Value)</Value>
                                  </Textbox>
                                </ReportItems>
                              </TableCell>
                            </TableCells>
                            <Height>0.25in</Height>
                          </TableRow>
                        </TableRows>
                      </Header>
                    </TableGroup>
                  </TableGroups>
                  <Details>
                    <TableRows>
                      <TableRow>
                        <TableCells>
                          <TableCell>
                            <ReportItems>
                              <Textbox Name="textbox22">
                                <rd:DefaultName>textbox22</rd:DefaultName>
                                <Style>
                                  <BorderColor>
                                    <Default>LightGrey</Default>
                                  </BorderColor>
                                  <BorderStyle>
                                    <Default>Solid</Default>
                                  </BorderStyle>
                                  <PaddingLeft>2pt</PaddingLeft>
                                  <PaddingRight>2pt</PaddingRight>
                                  <PaddingTop>2pt</PaddingTop>
                                  <PaddingBottom>2pt</PaddingBottom>
                                </Style>
                                <ZIndex>2</ZIndex>
                                <CanGrow>true</CanGrow>
                                <Value />
                              </Textbox>
                            </ReportItems>
                          </TableCell>
                          <TableCell>
                            <ReportItems>
                              <Textbox Name="textbox1">
                                <rd:DefaultName>textbox1</rd:DefaultName>
                                <Style>
                                  <BorderColor>
                                    <Default>LightGrey</Default>
                                  </BorderColor>
                                  <BorderStyle>
                                    <Default>Solid</Default>
                                  </BorderStyle>
                                  <PaddingLeft>2pt</PaddingLeft>
                                  <PaddingRight>2pt</PaddingRight>
                                  <PaddingTop>2pt</PaddingTop>
                                  <PaddingBottom>2pt</PaddingBottom>
                                </Style>
                                <ZIndex>1</ZIndex>
                                <CanGrow>true</CanGrow>
                                <Value>=Fields!AlertName.Value</Value>
                              </Textbox>
                            </ReportItems>
                          </TableCell>
                          <TableCell>
                            <ReportItems>
                              <Textbox Name="textbox5">
                                <rd:DefaultName>textbox5</rd:DefaultName>
                                <Style>
                                  <BorderColor>
                                    <Default>LightGrey</Default>
                                  </BorderColor>
                                  <BorderStyle>
                                    <Default>Solid</Default>
                                  </BorderStyle>
                                  <PaddingLeft>2pt</PaddingLeft>
                                  <PaddingRight>2pt</PaddingRight>
                                  <PaddingTop>2pt</PaddingTop>
                                  <PaddingBottom>2pt</PaddingBottom>
                                </Style>
                                <CanGrow>true</CanGrow>
                                <Value>=Fields!TotalAlerts.Value</Value>
                              </Textbox>
                            </ReportItems>
                          </TableCell>
                        </TableCells>
                        <Height>0.21in</Height>
                      </TableRow>
                    </TableRows>
                  </Details>
                  <Header>
                    <TableRows>
                      <TableRow>
                        <TableCells>
                          <TableCell>
                            <ReportItems>
                              <Textbox Name="textbox2">
                                <rd:DefaultName>textbox2</rd:DefaultName>
                                <Style>
                                  <Color>White</Color>
                                  <BackgroundColor>DimGray</BackgroundColor>
                                  <BorderColor>
                                    <Default>LightGrey</Default>
                                  </BorderColor>
                                  <BorderStyle>
                                    <Default>Solid</Default>
                                  </BorderStyle>
                                  <FontWeight>700</FontWeight>
                                  <PaddingLeft>2pt</PaddingLeft>
                                  <PaddingRight>2pt</PaddingRight>
                                  <PaddingTop>2pt</PaddingTop>
                                  <PaddingBottom>2pt</PaddingBottom>
                                </Style>
                                <ZIndex>11</ZIndex>
                                <CanGrow>true</CanGrow>
                                <Value>Management Pack</Value>
                              </Textbox>
                            </ReportItems>
                          </TableCell>
                          <TableCell>
                            <ReportItems>
                              <Textbox Name="textbox8">
                                <rd:DefaultName>textbox8</rd:DefaultName>
                                <Style>
                                  <Color>White</Color>
                                  <BackgroundColor>DimGray</BackgroundColor>
                                  <BorderColor>
                                    <Default>LightGrey</Default>
                                  </BorderColor>
                                  <BorderStyle>
                                    <Default>Solid</Default>
                                  </BorderStyle>
                                  <FontWeight>700</FontWeight>
                                  <PaddingLeft>2pt</PaddingLeft>
                                  <PaddingRight>2pt</PaddingRight>
                                  <PaddingTop>2pt</PaddingTop>
                                  <PaddingBottom>2pt</PaddingBottom>
                                </Style>
                                <ZIndex>10</ZIndex>
                                <CanGrow>true</CanGrow>
                                <Value>Alertname</Value>
                              </Textbox>
                            </ReportItems>
                          </TableCell>
                          <TableCell>
                            <ReportItems>
                              <Textbox Name="textbox19">
                                <rd:DefaultName>textbox19</rd:DefaultName>
                                <Style>
                                  <Color>White</Color>
                                  <BackgroundColor>DimGray</BackgroundColor>
                                  <BorderColor>
                                    <Default>LightGrey</Default>
                                  </BorderColor>
                                  <BorderStyle>
                                    <Default>Solid</Default>
                                  </BorderStyle>
                                  <FontWeight>700</FontWeight>
                                  <PaddingLeft>2pt</PaddingLeft>
                                  <PaddingRight>2pt</PaddingRight>
                                  <PaddingTop>2pt</PaddingTop>
                                  <PaddingBottom>2pt</PaddingBottom>
                                </Style>
                                <ZIndex>9</ZIndex>
                                <CanGrow>true</CanGrow>
                                <Value>Totals</Value>
                              </Textbox>
                            </ReportItems>
                          </TableCell>
                        </TableCells>
                        <Height>0.22in</Height>
                      </TableRow>
                    </TableRows>
                    <RepeatOnNewPage>true</RepeatOnNewPage>
                  </Header>
                  <TableColumns>
                    <TableColumn>
                      <Width>3.125in</Width>
                    </TableColumn>
                    <TableColumn>
                      <Width>5.375in</Width>
                    </TableColumn>
                    <TableColumn>
                      <Width>1in</Width>
                    </TableColumn>
                  </TableColumns>
                  <Height>0.93in</Height>
                  <Footer>
                    <TableRows>
                      <TableRow>
                        <TableCells>
                          <TableCell>
                            <ReportItems>
                              <Textbox Name="textbox13">
                                <rd:DefaultName>textbox13</rd:DefaultName>
                                <Style>
                                  <Color>DimGray</Color>
                                  <FontWeight>700</FontWeight>
                                  <PaddingLeft>2pt</PaddingLeft>
                                  <PaddingRight>2pt</PaddingRight>
                                  <PaddingTop>2pt</PaddingTop>
                                  <PaddingBottom>2pt</PaddingBottom>
                                </Style>
                                <ZIndex>5</ZIndex>
                                <CanGrow>true</CanGrow>
                                <Value>Sum</Value>
                              </Textbox>
                            </ReportItems>
                          </TableCell>
                          <TableCell>
                            <ReportItems>
                              <Textbox Name="textbox14">
                                <rd:DefaultName>textbox14</rd:DefaultName>
                                <Style>
                                  <Color>DimGray</Color>
                                  <FontWeight>700</FontWeight>
                                  <PaddingLeft>2pt</PaddingLeft>
                                  <PaddingRight>2pt</PaddingRight>
                                  <PaddingTop>2pt</PaddingTop>
                                  <PaddingBottom>2pt</PaddingBottom>
                                </Style>
                                <ZIndex>4</ZIndex>
                                <CanGrow>true</CanGrow>
                                <Value />
                              </Textbox>
                            </ReportItems>
                          </TableCell>
                          <TableCell>
                            <ReportItems>
                              <Textbox Name="textbox15">
                                <rd:DefaultName>textbox15</rd:DefaultName>
                                <Style>
                                  <Color>DimGray</Color>
                                  <FontWeight>700</FontWeight>
                                  <PaddingLeft>2pt</PaddingLeft>
                                  <PaddingRight>2pt</PaddingRight>
                                  <PaddingTop>2pt</PaddingTop>
                                  <PaddingBottom>2pt</PaddingBottom>
                                </Style>
                                <ZIndex>3</ZIndex>
                                <CanGrow>true</CanGrow>
                                <Value>=Sum(Fields!TotalAlerts.Value)</Value>
                              </Textbox>
                            </ReportItems>
                          </TableCell>
                        </TableCells>
                        <Height>0.25in</Height>
                      </TableRow>
                    </TableRows>
                  </Footer>
                </Table>
              </ReportItems>
              <Height>1.43in</Height>
            </Body>
            <Language>en-US</Language>
            <TopMargin>1in</TopMargin>
          </Report>
        </Definition>
      </Report>
    </Reports>
  </Reporting>
  <LanguagePacks>
    <LanguagePack ID="ENU" IsDefault="false">
      <DisplayStrings>
        <DisplayString ElementID="Sample.Reports">
          <Name>Sample Reports</Name>
        </DisplayString>
        <DisplayString ElementID="Sample.Reports.AlertCountByMP">
          <Name>Sample - Alert Count By MP</Name>
          <Description>Counts the alerts by management pack</Description>
        </DisplayString>
      </DisplayStrings>
      <KnowledgeArticles>
        <KnowledgeArticle ElementID="Sample.Reports" Visible="true">
          <MamlContent>
            <maml:section xmlns:maml="http://schemas.microsoft.com/maml/2004/10">
              <maml:title>Summary</maml:title>
              <maml:para>This MP provides Sample custom reports.</maml:para>
            </maml:section>
          </MamlContent>
        </KnowledgeArticle>
      </KnowledgeArticles>
    </LanguagePack>
  </LanguagePacks>
</ManagementPack>