<?xml version="1.0"?>
<View xmlns:xsd="http://www.w3.org/2001/XMLSchema" xmlns:xsi="http://www.w3.org/2001/XMLSchema-instance">
  <Title>OpsManager settings</Title>
  <Sections>
    <Split>
      <Width>50</Width>
      <Left>
        <Section>
          <Id>1441886389522</Id>
          <Title>OpsDB Usage</Title>
          <Plugin>Sql</Plugin>
          <Settings>
            <NameValueSetting>
              <Name>connectionstring</Name>
              <Value>data source=Servername\Instance,Port;initial catalog=OperationsManager;Integrated Security=SSPI</Value>
            </NameValueSetting>
            <NameValueSetting>
              <Name>querystring</Name>
              <Value>USE OperationsManager select a.FILEID as ID, [FileSize]=convert(decimal(12,2),round(a.size/128.000,2)), [SpaceUsed]=convert(decimal(12,2),round(fileproperty(a.name,'SpaceUsed')/128.000,2)), [FreeSpace]=convert(decimal(12,2),round((a.size-fileproperty(a.name,'SpaceUsed'))/128.000,2)) , [Growth]=convert(decimal(12,2),round(a.growth/128.000,2)), Name=left(a.NAME,15), Filename=left(a.FILENAME,60) from dbo.sysfiles a</Value>
            </NameValueSetting>
            <NameValueSetting>
              <Name>isscalar</Name>
              <Value>false</Value>
            </NameValueSetting>
          </Settings>
        </Section>
        <Section>
          <Id>1441886227846</Id>
          <Title>OpsDB retention settings</Title>
          <Plugin>Sql</Plugin>
          <Settings>
            <NameValueSetting>
              <Name>connectionstring</Name>
              <Value>data source=Servername\Instance,Port;initial catalog=OperationsManager;Integrated Security=SSPI</Value>
            </NameValueSetting>
            <NameValueSetting>
              <Name>querystring</Name>
              <Value>SELECT Objectname as Name, DaystoKeep as 'Days to keep' FROM PartitionAndGroomingSettings WITH (NOLOCK) order by Objectname</Value>
            </NameValueSetting>
            <NameValueSetting>
              <Name>isscalar</Name>
              <Value>false</Value>
            </NameValueSetting>
          </Settings>
        </Section>
      </Left>
      <Right>
        <Section>
          <Id>1441888435490</Id>
          <Title>OpsDW Usage</Title>
          <Plugin>Sql</Plugin>
          <Settings>
            <NameValueSetting>
              <Name>connectionstring</Name>
              <Value>data source=Servername\Instance,Port;initial catalog=OperationsManagerDW;Integrated Security=SSPI</Value>
            </NameValueSetting>
            <NameValueSetting>
              <Name>querystring</Name>
              <Value>USE OperationsManagerDW select a.FILEID as ID, [FileSize]=convert(decimal(12,2),round(a.size/128.000,2)), [SpaceUsed]=convert(decimal(12,2),round(fileproperty(a.name,'SpaceUsed')/128.000,2)), [FreeSpace]=convert(decimal(12,2),round((a.size-fileproperty(a.name,'SpaceUsed'))/128.000,2)) , [Growth]=convert(decimal(12,2),round(a.growth/128.000,2)), Name=left(a.NAME,15), Filename=left(a.FILENAME,60) from dbo.sysfiles a</Value>
            </NameValueSetting>
            <NameValueSetting>
              <Name>isscalar</Name>
              <Value>false</Value>
            </NameValueSetting>
          </Settings>
        </Section>
        <Section>
          <Id>1441885741787</Id>
          <Title>DW retention settings</Title>
          <Plugin>Sql</Plugin>
          <Settings>
            <NameValueSetting>
              <Name>connectionstring</Name>
              <Value>data source=Servername\Instance,Port;initial catalog=OperationsManagerDW;Integrated Security=SSPI</Value>
            </NameValueSetting>
            <NameValueSetting>
              <Name>querystring</Name>
              <Value>select ds.datasetDefaultName AS 'Dataset Name', case sda.AggregationTypeId when 0 then 'Raw' when 20 then 'Hourly' when 30 then 'Daily' end as 'AggType', sda.MaxDataAgeDays AS 'Retention Time in Days' from dataset ds, StandardDatasetAggregation sda WHERE ds.datasetid = sda.datasetid ORDER by ds.datasetDefaultName</Value>
            </NameValueSetting>
            <NameValueSetting>
              <Name>isscalar</Name>
              <Value>false</Value>
            </NameValueSetting>
          </Settings>
        </Section>
      </Right>
    </Split>
  </Sections>
</View>